chr	pos	sample	alt_v3	tot_v3	alt_v4	tot_v4	absdfreq
chrX	17052947	AgeSY20_R4_F	3	56	110	160	0.634
chrX	13605110	Con_R5_F	4	76	146	218	0.617
chrX	17550162	AgeSY10_R4_F	2	54	93	144	0.609
chrX	17550162	AgeSY10_R5_F	5	79	145	216	0.608
chrX	15239743	Con_R5_F	8	93	192	277	0.607
chrX	15239742	Con_R5_F	8	94	187	270	0.607
chrX	5217596	Con_R5_F	15	68	200	250	0.579
chrX	5217597	Con_R5_F	15	69	197	248	0.577
chrX	8481013	Con_R4_F	8	81	149	222	0.572
chrX	8732285	AgeSY10_R5_F	8	68	130	190	0.567
chrX	12675770	AgeSY20_R3_F	4	53	82	128	0.565
chrX	8481013	AgeSY20_R6_F	16	103	212	295	0.563
chrX	7362860	Con_R5_F	12	52	142	179	0.563
chrX	8481013	AgeSY10_R4_F	9	68	132	190	0.562
chrX	16204292	AgeSY10_R3_F	8	50	109	151	0.562
chrX	16204289	Con_R5_F	14	93	193	272	0.559
chrX	8313025	Con_R5_F	16	91	196	267	0.558
chrX	17052947	AgeSY10_R5_F	11	57	135	180	0.557
chrX	15255173	AgeSY10_R3_F	4	50	80	126	0.555
chrX	13435045	Con_R6_F	7	51	90	130	0.555
chrX	6844279	AgeSY10_R3_F	7	61	107	160	0.554
chrX	12465548	Con_R5_F	15	59	177	220	0.550
chrX	17550162	AgeSY20_R3_F	4	65	91	149	0.549
chrX	8481013	Con_R3_F	5	76	106	174	0.543
chrX	12273781	AgeSY10_R5_F	3	57	75	127	0.538
